vendor_id,vendor_name
8101,Golden Plains Grocery & Sons
8102,Wattle Foods Group
8201,Barossa Frozen Holdings
8202,Esperance Confectionery Co
8301,Snowy Wholesale Pty Ltd
8302,Barossa Beverages Group
8401,Riverina Grocery Pty Ltd
8402,Pilbara Foods Australasia
8403,Esperance Provisions Supply Co
8404,Yarra Valley Meats Co
8405,Boomerang Brands Australasia
100006,Boomerang Beverages Industries
100044,Kakadu Bakeries Co
100051,Macquarie Frozen & Sons
100087,Tablelands Harvest Pty Ltd
100089,Tablelands Beverages & Sons
100233,Great Southern Frozen & Sons
100234,Tablelands Frozen Co
100256,Gippsland Harvest Group
100351,Sandstone Foods & Sons
100405,Pilbara Snackfoods Australia
100539,Darling Wholesale Pty Ltd
100560,Riverina Coffee Roasters Australia
100602,Kanga Confectionery Australia
100709,Daintree Frozen Australasia
100800,Esperance Beverages Enterprises
101082,Sunstate Harvest Industries
101203,Gippsland Fresh Produce Industries
101233,Sandstone Fresh Produce Australasia
101641,Hunter Valley Fresh Produce Industries
101642,Coral Coast Fresh Produce Enterprises
101716,Barossa Trading Pty Ltd
101755,Southern Cross Grocery Supply Co
101840,Wattle Meats & Sons
101841,Alpine Dairy Australia
101842,Tasman Beverages & Sons
101850,Kakadu Provisions & Sons
101851,Macquarie Frozen Australasia
101853,Coral Coast Fresh Produce Industries
101854,Pilbara Bakeries Supply Co
101865,Kakadu Dairy Australia
101870,Boomerang Brands Industries
101871,Emu Plains Dairy Group
101900,Coral Coast Grocery Co
101965,Tablelands Pantry Supply Co
101968,Emu Plains Pantry Enterprises
102010,Nullarbor Meats Group
102017,Great Southern Distribution Pty Ltd
102020,Riverina Brands Enterprises
102025,Pilbara Foods Group
102026,Southern Cross Provisions Industries
102027,Yarra Valley Frozen Pty Ltd
102028,Tablelands Frozen Australia
102029,Coastal Grocery Pty Ltd
102030,Wattle Meats Australasia
102035,Tablelands Pantry Co
102040,Emu Plains Distribution Supply Co
102041,Esperance Brands & Sons
102042,Gippsland Beverages Enterprises
102061,Southern Cross Pantry Australia
102062,Kimberley Frozen Supply Co
102063,Snowy Beverages Australasia
102070,Yarra Valley Foods Enterprises
102071,Outback Bakeries Australia
102072,Emu Plains Provisions Pty Ltd
102073,Riverina Bakeries Enterprises
102104,Tablelands Provisions Industries
102113,Fremantle Brands Australia
102120,Emu Plains Coffee Roasters Supply Co
102130,Blue Gum Harvest Industries
102140,Coral Coast Brands Enterprises
102141,Outback Brands Enterprises
102151,Kanga Brands Supply Co
102152,Pilbara Distribution Pty Ltd
102153,Harbourside Snackfoods Industries
102156,Barossa Grocery Industries
102158,Hunter Valley Foods Australasia
102159,Macquarie Distribution Co
102160,Sandstone Confectionery Holdings
102162,Boomerang Wholesale Group
102180,Coastal Frozen Co
102197,Golden Plains Dairy Enterprises
102213,Great Southern Foods Co
102214,Darling Meats Australasia
102215,Esperance Dairy Australia
102222,Harbourside Provisions Enterprises
102230,Esperance Brands Enterprises
102231,Bass Strait Harvest & Sons
102232,Esperance Brands Australia
102240,Hunter Valley Distribution Co
102245,Daintree Confectionery Supply Co
102250,Esperance Harvest Australasia
102251,Great Southern Beverages Enterprises
102256,Wattle Dairy Supply Co
102257,Tasman Brands & Sons
102258,Kimberley Foods Co
102260,Kanga Dairy Industries
102288,Golden Plains Coffee Roasters Australasia
102290,Daintree Trading & Sons
102291,Pilbara Fresh Produce & Sons
102292,Harbourside Bakeries Australia
102301,Wattle Distribution Group
102303,Great Southern Snackfoods Holdings
102310,Boomerang Trading Group
102315,Daintree Grocery Australia
102316,Snowy Distribution Industries
102328,Kakadu Snackfoods Group
102331,Bass Strait Snackfoods Pty Ltd
102336,Tablelands Frozen Australasia
102340,Riverina Frozen Co
102345,Wattle Bakeries Supply Co
102346,Fremantle Grocery Group
102360,Kimberley Meats Supply Co
102369,Harbourside Provisions & Sons
102380,Daintree Dairy Group
102389,Snowy Distribution Supply Co
102390,Pilbara Confectionery Australia
102391,Hunter Valley Dairy Australasia
102393,Macquarie Fresh Produce Industries
102396,Fremantle Foods & Sons
102406,Boomerang Coffee Roasters Pty Ltd
102410,Sunstate Brands Australia
102562,Harbourside Wholesale Supply Co
102572,Kanga Trading Australasia
102575,Tablelands Harvest Industries
102585,Kanga Confectionery Enterprises
102586,Snowy Foods Co
102587,Sandstone Meats Supply Co
102590,Tablelands Confectionery Australia
102593,Southern Cross Pantry Australasia
102605,Alpine Wholesale Supply Co
102680,Kakadu Grocery Australia
102681,Harbourside Brands Holdings
102682,Nullarbor Provisions Pty Ltd
102705,Coastal Distribution Co
102710,Coral Coast Pantry Industries
102711,Great Southern Confectionery & Sons
102712,Sunstate Grocery Group
102742,Kakadu Pantry Australia
102743,Daintree Beverages Enterprises
102744,Alpine Beverages Australasia
102747,Daintree Pantry Enterprises
102757,Tablelands Distribution Pty Ltd
102766,Boomerang Confectionery Group
102770,Nullarbor Wholesale Australia
102771,Macquarie Meats Pty Ltd
102772,Esperance Harvest Pty Ltd
102806,Tasman Trading Co
102810,Wattle Dairy & Sons
102811,Esperance Frozen Holdings
102812,Wattle Snackfoods Group
102830,Snowy Snackfoods Group
102866,Hunter Valley Pantry Holdings
102869,Riverina Trading & Sons
102871,Sunstate Pantry Industries
102883,Yarra Valley Dairy Enterprises
102890,Sandstone Foods Enterprises
102936,Alpine Coffee Roasters Supply Co
102957,Bass Strait Confectionery Australia
102962,Fremantle Brands Co
102963,Golden Plains Trading Industries
102964,Kimberley Snackfoods Enterprises
102965,Riverina Coffee Roasters Pty Ltd
102966,Yarra Valley Meats Pty Ltd
102995,Wattle Distribution & Sons
103000,Fremantle Grocery Supply Co
103007,Daintree Trading Co
103008,Emu Plains Dairy Enterprises
103015,Sandstone Provisions Co
103016,Golden Plains Trading Co
103017,Sunstate Brands & Sons
103020,Sunstate Pantry Pty Ltd
103034,Coastal Fresh Produce Australia
103037,Esperance Snackfoods Enterprises
103038,Outback Pantry Enterprises
103043,Kimberley Coffee Roasters Supply Co
103055,Tasman Beverages Supply Co
103080,Sunstate Provisions Supply Co
103082,Kimberley Confectionery & Sons
103100,Darling Coffee Roasters Industries
103105,Snowy Harvest Supply Co
103110,Harbourside Fresh Produce Australia
103112,Kimberley Distribution & Sons
103115,Esperance Provisions Holdings
103120,Nullarbor Meats Holdings
103121,Alpine Frozen Pty Ltd
103125,Kimberley Distribution Supply Co
103134,Darling Grocery Pty Ltd
103135,Blue Gum Bakeries Australia
103137,Kimberley Fresh Produce & Sons
103138,Tasman Trading Enterprises
103141,Hunter Valley Harvest Australia
103143,Sandstone Frozen Industries
103145,Bass Strait Distribution Supply Co
103151,Blue Gum Trading Pty Ltd
103154,Southern Cross Dairy Enterprises
103195,Great Southern Distribution Group
103200,Boomerang Wholesale & Sons
103207,Boomerang Dairy Co
103212,Nullarbor Beverages Enterprises
103216,Kanga Fresh Produce Australasia
103220,Fremantle Wholesale Group
103232,Nullarbor Dairy Co
103234,Golden Plains Pantry Supply Co
103238,Alpine Trading Supply Co
103245,Kimberley Provisions Australasia
103246,Snowy Frozen Enterprises
103258,Kanga Snackfoods Australasia
103265,Esperance Harvest Group
103266,Wattle Distribution Holdings
103285,Tasman Grocery Supply Co
103286,Snowy Bakeries Pty Ltd
103296,Daintree Distribution Supply Co
103305,Riverina Snackfoods Group
103360,Emu Plains Meats Group
103371,Fremantle Confectionery Industries
103372,Esperance Coffee Roasters Group
103373,Tablelands Harvest & Sons
103386,Kimberley Pantry Australia
103391,Golden Plains Foods Supply Co
103394,Barossa Frozen Group
103400,Nullarbor Confectionery Australasia
103401,Kimberley Grocery Australia
103402,Tablelands Wholesale & Sons
103406,Kimberley Pantry Industries
103409,Kakadu Trading Holdings
103410,Southern Cross Harvest Enterprises
103411,Daintree Snackfoods Group
103412,Sunstate Trading Industries
103415,Great Southern Confectionery Holdings
103416,Snowy Snackfoods Pty Ltd
103417,Boomerang Grocery Pty Ltd
103420,Tasman Wholesale Australasia
103425,Great Southern Foods Australia
103426,Gippsland Fresh Produce Australasia
103432,Great Southern Snackfoods Industries
103435,Nullarbor Distribution Australasia
103436,Gippsland Provisions Industries
103437,Darling Meats Industries
103440,Pilbara Coffee Roasters & Sons
103441,Hunter Valley Snackfoods Holdings
103442,Alpine Confectionery Supply Co
103444,Barossa Snackfoods Industries
103445,Great Southern Provisions Pty Ltd
103450,Darling Dairy Australasia
103452,Barossa Beverages Industries
103455,Great Southern Dairy Industries
103458,Alpine Trading Group
103460,Barossa Frozen Co
103461,Sunstate Fresh Produce Pty Ltd
103462,Sunstate Coffee Roasters Co
103465,Coral Coast Frozen Australasia
103466,Darling Trading & Sons
103467,Kanga Distribution Pty Ltd
103481,Daintree Provisions Supply Co
103485,Daintree Coffee Roasters Pty Ltd
103486,Fremantle Meats Holdings
103495,Sandstone Snackfoods Australasia
103501,Macquarie Snackfoods Co
103516,Coastal Harvest Australia
103517,Hunter Valley Frozen & Sons
103518,Yarra Valley Fresh Produce & Sons
103519,Wattle Bakeries Holdings
103520,Barossa Dairy Australasia
103521,Macquarie Trading Pty Ltd
103522,Hunter Valley Brands Australasia
103523,Redgum Frozen Supply Co
103524,Golden Plains Harvest Industries
103525,Kakadu Coffee Roasters & Sons
103527,Gippsland Trading Enterprises
103530,Gippsland Confectionery Holdings
103531,Hunter Valley Foods & Sons
103533,Alpine Trading & Sons
103534,Sunstate Dairy Industries
103535,Gippsland Snackfoods Group
103540,Riverina Grocery Enterprises
103541,Barossa Bakeries Enterprises
103550,Barossa Frozen Australasia
103551,Hunter Valley Harvest & Sons
103557,Tasman Pantry Pty Ltd
103558,Hunter Valley Fresh Produce Australia
103559,Nullarbor Distribution Supply Co
103565,Gippsland Meats Holdings
103580,Esperance Beverages Pty Ltd
103581,Hunter Valley Brands Group
103586,Boomerang Wholesale Pty Ltd
103592,Boomerang Grocery Australasia
103594,Emu Plains Provisions & Sons
103597,Wattle Fresh Produce Enterprises
103600,Sunstate Foods Co
103610,Alpine Distribution Australasia
103611,Coral Coast Distribution Enterprises
103616,Wattle Fresh Produce Group
103617,Coral Coast Meats Australia
103620,Outback Beverages Co
103621,Riverina Fresh Produce Holdings
103627,Blue Gum Bakeries Holdings
103628,Southern Cross Bakeries Holdings
103630,Wattle Coffee Roasters Enterprises
103635,Sandstone Beverages Australasia
103636,Esperance Fresh Produce Industries
103637,Outback Meats Group
103640,Yarra Valley Meats Enterprises
103641,Tablelands Harvest Holdings
103645,Pilbara Wholesale Industries
103650,Blue Gum Confectionery Pty Ltd
103660,Macquarie Provisions Pty Ltd
103661,Wattle Trading Australasia
103668,Outback Frozen Australia
103669,Kakadu Frozen Industries
103671,Nullarbor Coffee Roasters Industries
103672,Wattle Harvest Supply Co
103675,Gippsland Grocery Group
103676,Coral Coast Bakeries & Sons
103680,Boomerang Beverages Enterprises
103685,Yarra Valley Grocery Enterprises
103686,Esperance Foods Australia
103690,Wattle Provisions Australasia
103691,Macquarie Wholesale Group
103696,Nullarbor Frozen & Sons
103697,Southern Cross Dairy & Sons
103698,Emu Plains Bakeries Industries
103699,Fremantle Snackfoods Enterprises
103700,Coastal Pantry Australasia
103701,Great Southern Meats Pty Ltd
103707,Coral Coast Beverages Australia
103708,Esperance Dairy Industries
103710,Outback Distribution & Sons
103711,Barossa Distribution Supply Co
103712,Nullarbor Snackfoods Co
103713,Kakadu Harvest Australasia
103715,Southern Cross Harvest & Sons
103720,Tablelands Pantry & Sons
103725,Southern Cross Foods Group
103726,Sunstate Pantry Supply Co
103727,Alpine Snackfoods Enterprises
103728,Redgum Brands Supply Co
103731,Nullarbor Frozen Co
103735,Fremantle Beverages Australasia
103740,Great Southern Dairy Supply Co
103741,Southern Cross Meats Australasia
103752,Fremantle Provisions Australasia
103753,Kakadu Snackfoods Australia
103754,Harbourside Beverages Holdings
103756,Hunter Valley Brands Enterprises
103757,Golden Plains Beverages Holdings
103758,Great Southern Provisions Holdings
103759,Pilbara Frozen Group
103760,Boomerang Confectionery Australia
103762,Harbourside Fresh Produce Group
103763,Hunter Valley Distribution Australasia
103764,Pilbara Confectionery Group
103765,Tablelands Beverages Australia
103766,Golden Plains Distribution Pty Ltd
103767,Bass Strait Beverages & Sons
103768,Snowy Bakeries Group
103770,Nullarbor Dairy Holdings
103771,Blue Gum Grocery Australia
103772,Tablelands Snackfoods Enterprises
103773,Macquarie Pantry Supply Co
103774,Harbourside Confectionery & Sons
103775,Wattle Grocery Australasia
103776,Golden Plains Distribution Group
103777,Macquarie Confectionery Industries
103780,Alpine Frozen Enterprises
103781,Outback Provisions Industries
103782,Outback Foods Holdings
103786,Yarra Valley Snackfoods Co
103787,Emu Plains Distribution Pty Ltd
103788,Nullarbor Snackfoods Holdings
103790,Macquarie Trading Supply Co
103791,Riverina Harvest Holdings
103792,Tasman Snackfoods Australasia
103795,Hunter Valley Harvest Co
103796,Esperance Pantry Enterprises
103805,Yarra Valley Grocery Holdings
103811,Gippsland Provisions Enterprises
103812,Tasman Meats Supply Co
103813,Yarra Valley Fresh Produce Australia
103814,Wattle Harvest & Sons
103820,Sunstate Meats Pty Ltd
103821,Riverina Pantry Industries
103822,Southern Cross Snackfoods Pty Ltd
103823,Esperance Brands Industries
103827,Great Southern Grocery Pty Ltd
103828,Daintree Beverages Pty Ltd
103829,Kakadu Bakeries Australia
103831,Gippsland Coffee Roasters Group
103836,Kimberley Meats Enterprises
103837,Kakadu Brands Australasia
103840,Barossa Snackfoods Australasia
103843,Barossa Harvest Industries
103844,Boomerang Frozen Group
103845,Pilbara Frozen Supply Co
103846,Kimberley Bakeries Australasia
103847,Wattle Fresh Produce Co
103848,Southern Cross Trading Australia
103850,Nullarbor Pantry Australasia
103851,Blue Gum Foods Enterprises
103857,Redgum Snackfoods Supply Co
103858,Coastal Coffee Roasters Industries
103860,Nullarbor Snackfoods & Sons
103865,Darling Trading Supply Co
103866,Riverina Coffee Roasters Industries
103875,Kanga Harvest Industries
103876,Nullarbor Beverages Supply Co
103877,Kanga Beverages Industries
103890,Coral Coast Brands Co
103891,Coastal Snackfoods Group
103895,Great Southern Grocery Enterprises
103896,Nullarbor Harvest Australasia
103897,Emu Plains Foods Group
103900,Blue Gum Harvest Pty Ltd
103901,Riverina Wholesale Australasia
103902,Gippsland Pantry Industries
103903,Fremantle Foods Australia
103904,Alpine Frozen Holdings
103915,Kakadu Frozen Enterprises
103916,Darling Harvest Group
103917,Wattle Fresh Produce & Sons
103919,Kanga Beverages Supply Co
103930,Daintree Frozen Group
103931,Blue Gum Coffee Roasters Co
103932,Nullarbor Meats Co
103933,Esperance Frozen Australia
103935,Hunter Valley Confectionery Supply Co
103940,Barossa Provisions Industries
103941,Kakadu Fresh Produce Pty Ltd
103942,Alpine Provisions Holdings
103943,Esperance Grocery Australasia
103944,Tablelands Harvest Co
103945,Pilbara Snackfoods Co
103946,Kanga Distribution Enterprises
103948,Tasman Confectionery Industries
103952,Emu Plains Provisions Co
103954,Tasman Grocery Pty Ltd
103955,Bass Strait Distribution Co
103956,Fremantle Coffee Roasters & Sons
103960,Fremantle Provisions & Sons
103961,Boomerang Bakeries Holdings
103962,Pilbara Provisions Supply Co
103965,Great Southern Bakeries & Sons
103966,Outback Trading Holdings
103968,Southern Cross Brands Group
103969,Kanga Confectionery Holdings
103970,Daintree Distribution Australasia
103971,Sunstate Wholesale Group
103972,Pilbara Fresh Produce Supply Co
103973,Boomerang Provisions Enterprises
103974,Tablelands Wholesale Supply Co
103975,Bass Strait Dairy Australia
103976,Macquarie Beverages Industries
103977,Wattle Confectionery Australasia
103985,Yarra Valley Foods Industries
103990,Southern Cross Provisions Pty Ltd
103991,Kakadu Beverages & Sons
103992,Redgum Brands Pty Ltd
103993,Boomerang Snackfoods Pty Ltd
103995,Riverina Distribution Australia
104000,Blue Gum Confectionery Group
104001,Great Southern Harvest Australasia
104002,Barossa Pantry Group
104005,Coastal Dairy Holdings
104010,Wattle Confectionery Australia
104011,Tasman Provisions Australia
104015,Nullarbor Foods Pty Ltd
104016,Hunter Valley Trading & Sons
104020,Esperance Pantry Pty Ltd
104025,Tablelands Wholesale Group
104031,Kanga Bakeries & Sons
104040,Redgum Brands Industries
104041,Boomerang Beverages Group
104043,Emu Plains Wholesale Co
104045,Yarra Valley Frozen Industries
104046,Outback Grocery Industries
104047,Boomerang Fresh Produce Australia
104048,Coastal Brands Australasia
104049,Golden Plains Confectionery Pty Ltd
104050,Yarra Valley Harvest Australia
104055,Tasman Snackfoods Pty Ltd
104056,Boomerang Frozen Holdings
104057,Fremantle Foods Holdings
104058,Hunter Valley Bakeries Holdings
104059,Darling Grocery Australasia
104060,Kimberley Frozen Australia
104061,Tablelands Grocery Holdings
104062,Snowy Harvest Pty Ltd
104063,Boomerang Fresh Produce Australasia
104064,Coastal Snackfoods Holdings
104065,Bass Strait Trading Enterprises
104071,Emu Plains Distribution Group
104072,Macquarie Foods Industries
104080,Emu Plains Bakeries Co
104081,Macquarie Foods Australia
104082,Barossa Grocery Supply Co
104085,Sunstate Grocery Holdings
